ID,P-value,Label Type
<built-in function id>,0.599229961498075,3
<built-in function id>,0.2166608330416521,full
<built-in function id>,0.0,3
<built-in function id>,0.0,full
<built-in function id>,0.0,tpsa
<built-in function id>,0.0,mw
<built-in function id>,0.0,logp
<built-in function id>,0.720844062048609,3
<built-in function id>,0.2391509137725303,full
<built-in function id>,0.0,3
<built-in function id>,0.599229961498075,3
<built-in function id>,0.2166608330416521,full
<built-in function id>,0.0,3
<built-in function id>,0.0,full
<built-in function id>,0.0,tpsa
<built-in function id>,0.0,mw
<built-in function id>,0.0,logp
<built-in function id>,0.720844062048609,3
<built-in function id>,0.2391509137725303,full
<built-in function id>,0.0,3
<built-in function id>,0.0,full
<built-in function id>,0.0,tpsa
<built-in function id>,0.0,mw
<built-in function id>,0.0,logp
<built-in function id>,0.7216363636363636,3
<built-in function id>,0.23145454545454547,full
<built-in function id>,0.0,3
<built-in function id>,0.0,full
<built-in function id>,0.0,tpsa
<built-in function id>,0.0,mw
<built-in function id>,0.0,logp
<built-in function id>,0.7034957627118644,3
<built-in function id>,0.22796610169491524,full
<built-in function id>,0.0,3
<built-in function id>,0.0,full
<built-in function id>,0.0,tpsa
<built-in function id>,0.0,mw
<built-in function id>,0.0,logp
<built-in function id>,0.7240880736976908,3
<built-in function id>,0.24930805139009377,full
<built-in function id>,0.0,3
<built-in function id>,0.0,full
<built-in function id>,0.0,tpsa
<built-in function id>,0.0,mw
<built-in function id>,0.0,logp
<built-in function id>,0.7185370190069,3
<built-in function id>,0.24162892096685434,full
<built-in function id>,0.0,3
<built-in function id>,0.0,full
<built-in function id>,0.0,tpsa
<built-in function id>,0.0,mw
<built-in function id>,0.0,logp
<built-in function id>,0.7947019867549668,3
<built-in function id>,0.44150110375275936,full
<built-in function id>,0.0,3
<built-in function id>,0.0,full
<built-in function id>,0.0,tpsa
<built-in function id>,0.0,mw
<built-in function id>,0.0,logp
<built-in function id>,0.7220524299427489,3
<built-in function id>,0.24114329990099437,full
<built-in function id>,0.0,3
<built-in function id>,0.0,full
<built-in function id>,0.0,tpsa
<built-in function id>,0.0,mw
<built-in function id>,0.0,logp
<built-in function id>,0.7228206792126325,3
<built-in function id>,0.24053644819381353,full
<built-in function id>,0.0,3
<built-in function id>,0.0,full
<built-in function id>,0.0,tpsa
<built-in function id>,0.0,mw
<built-in function id>,0.0,logp
<built-in function id>,0.7402267030788223,3
<built-in function id>,0.309603082563316,full
<built-in function id>,0.0,3
<built-in function id>,0.0,full
<built-in function id>,0.0,tpsa
<built-in function id>,0.0,mw
<built-in function id>,0.0,logp
<built-in function id>,0.6432584269662921,3
<built-in function id>,0.10393258426966293,full
<built-in function id>,0.0,3
<built-in function id>,0.0,full
<built-in function id>,0.0,tpsa
<built-in function id>,0.0,mw
<built-in function id>,0.0,logp
<built-in function id>,0.7219574780058651,3
<built-in function id>,0.23075513196480937,full
<built-in function id>,0.0,3
<built-in function id>,0.0,full
<built-in function id>,0.0,tpsa
<built-in function id>,0.0,mw
<built-in function id>,0.0,logp
<built-in function id>,0.5824232969318772,3
<built-in function id>,0.18512740509620385,full
<built-in function id>,0.0,3
<built-in function id>,0.0,full
<built-in function id>,0.0,tpsa
<built-in function id>,0.0,mw
<built-in function id>,0.0,logp
<built-in function id>,0.7732558139534884,3
<built-in function id>,0.4738372093023256,full
<built-in function id>,0.0,3
<built-in function id>,0.0,full
<built-in function id>,0.0,tpsa
<built-in function id>,0.0,mw
<built-in function id>,0.0,logp
<built-in function id>,0.6320754716981132,3
<built-in function id>,0.2830188679245283,full
<built-in function id>,0.0,3
<built-in function id>,0.0,full
<built-in function id>,0.846,tpsa
<built-in function id>,0.818,mw
<built-in function id>,0.025,logp
<built-in function id>,0.6845557543231962,3
<built-in function id>,0.3941562313655337,full
<built-in function id>,0.025,3
<built-in function id>,0.025,full
<built-in function id>,0.0,tpsa
<built-in function id>,0.0,mw
<built-in function id>,0.0,logp
<built-in function id>,0.5978098556495769,3
<built-in function id>,0.1791936286709806,full
<built-in function id>,0.0,3
<built-in function id>,0.0,full
<built-in function id>,0.0,tpsa
<built-in function id>,0.0,mw
<built-in function id>,0.0,logp
<built-in function id>,0.7283737024221453,3
<built-in function id>,0.39792387543252594,full
<built-in function id>,0.0,3
<built-in function id>,0.0,full
<built-in function id>,0.0,tpsa
<built-in function id>,0.0,mw
<built-in function id>,0.0,logp
<built-in function id>,0.6004273504273504,3
<built-in function id>,0.18696581196581197,full
<built-in function id>,0.0,3
<built-in function id>,0.0,full
<built-in function id>,0.0,tpsa
<built-in function id>,0.0,mw
<built-in function id>,0.0,logp
<built-in function id>,0.5940254652301665,3
<built-in function id>,0.18070519098922624,full
<built-in function id>,0.0,3
<built-in function id>,0.0,full
<built-in function id>,0.0,tpsa
<built-in function id>,0.0,mw
<built-in function id>,0.0,logp
<built-in function id>,0.7709790209790209,3
<built-in function id>,0.5104895104895105,full
<built-in function id>,0.0,3
<built-in function id>,0.0,full
<built-in function id>,0.0,tpsa
<built-in function id>,0.0,mw
<built-in function id>,0.0,logp
<built-in function id>,0.7271157167530224,3
<built-in function id>,0.4058721934369603,full
<built-in function id>,0.0,3
<built-in function id>,0.0,full
<built-in function id>,0.0,tpsa
<built-in function id>,0.0,mw
<built-in function id>,0.0,logp
<built-in function id>,0.5820668693009119,3
<built-in function id>,0.1757852077001013,full
<built-in function id>,0.0,3
<built-in function id>,0.0,full
<built-in function id>,0.0,tpsa
<built-in function id>,0.0,mw
<built-in function id>,0.0,logp
<built-in function id>,0.8501628664495114,3
<built-in function id>,0.5325732899022801,full
<built-in function id>,0.0,3
<built-in function id>,0.0,full
<built-in function id>,0.0,tpsa
<built-in function id>,0.0,mw
<built-in function id>,0.0,logp
<built-in function id>,0.7271157167530224,3
<built-in function id>,0.4058721934369603,full
<built-in function id>,0.0,3
<built-in function id>,0.0,full
<built-in function id>,0.0,tpsa
<built-in function id>,0.0,mw
<built-in function id>,0.0,logp
<built-in function id>,0.6587677725118484,3
<built-in function id>,0.3459715639810427,full
<built-in function id>,0.0,3
<built-in function id>,0.0,full
<built-in function id>,0.0,tpsa
<built-in function id>,0.0,mw
<built-in function id>,0.0,logp
<built-in function id>,0.9364110201042443,3
<built-in function id>,0.5368577810871183,full
<built-in function id>,0.0,3
<built-in function id>,0.0,full
<built-in function id>,0.0,tpsa
<built-in function id>,0.0,mw
<built-in function id>,0.0,logp
<built-in function id>,0.7670757737459979,3
<built-in function id>,0.5672358591248666,full
<built-in function id>,0.0,3
<built-in function id>,0.0,full
<built-in function id>,0.0,tpsa
<built-in function id>,0.0,mw
<built-in function id>,0.0,logp
<built-in function id>,0.7684563758389261,3
<built-in function id>,0.6610738255033557,full
<built-in function id>,0.0,3
<built-in function id>,0.0,full
<built-in function id>,0.001,tpsa
<built-in function id>,0.0,mw
<built-in function id>,0.0,logp
<built-in function id>,0.7167907152769017,3
<built-in function id>,0.24406038434043983,full
<built-in function id>,0.0,3
<built-in function id>,0.0,full
<built-in function id>,0.0,tpsa
<built-in function id>,0.0,mw
<built-in function id>,0.0,logp
<built-in function id>,0.7945205479452054,3
<built-in function id>,0.488013698630137,full
<built-in function id>,0.0,3
<built-in function id>,0.0,full
<built-in function id>,0.0,tpsa
<built-in function id>,0.0,mw
<built-in function id>,0.0,logp
<built-in function id>,0.8075117370892019,3
<built-in function id>,0.5117370892018779,full
<built-in function id>,0.0,3
<built-in function id>,0.0,full
<built-in function id>,0.0,tpsa
<built-in function id>,0.0,mw
<built-in function id>,0.0,logp
<built-in function id>,0.7107843137254902,3
<built-in function id>,0.4215686274509804,full
<built-in function id>,0.0,3
<built-in function id>,0.0,full
<built-in function id>,0.0,tpsa
<built-in function id>,0.0,mw
<built-in function id>,0.0,logp
